Department,Attrition_0,Attrition_1,Dailyrate,Monthlyrate,OverTime,Total,Attrition_Ratio
Human Resource,39,24,751.5396825396825,13492.984126984127,0.2698412698412698,63,0.38095238095238093
Research & Development,645,316,806.8511966701353,14284.865764828304,0.28199791883454733,961,0.32882414151925077
sales,287,159,800.2757847533633,14489.793721973094,0.28699551569506726,446,0.35650224215246634
