ExperienceGroup,Attrition_0,Attrition_1,YearsAtCompany,Total,Attrition_Ratio
Fresh Graduate,60,32,0.8369565217391305,92,0.34782608695652173
Junior Employee,53,20,2.1232876712328768,73,0.273972602739726
Mid-level Employee,96,55,3.423841059602649,151,0.36423841059602646
Senior Employee,762,392,8.278162911611785,1154,0.3396880415944541
