Gender,Attrition_0,Attrition_1,Total,Attrition_Ratio
Female,393,195,588,0.33163265306122447
Male,578,304,882,0.34467120181405897
