MaritalStatus,Attrition_0,Attrition_1,Total,Attrition_Ratio
Divorced,248,79,327,0.2415902140672783
Married,440,233,673,0.3462109955423477
Single,283,187,470,0.39787234042553193
