OverTime,0.0,1.0,Total,Attrition_Ratio
No,739,315,1054,3.346031746031746
Yes,232,184,416,2.260869565217391
