SalaryGroup,Attrition_0,Attrition_1,TotalWorkingYears,Total,Attrition_Ratio
High Salary,102,31,25.601503759398497,133,0.23308270676691728
Low Salary,684,375,8.200188857412654,1059,0.35410764872521244
Medium Salary,185,93,16.158273381294965,278,0.3345323741007194
