StayGroup,Attrition_0,Attrition_1,TotalWorkingYears,Total,Attrition_Ratio
Long Stay,168,78,20.24390243902439,246,0.3170731707317073
Medium Stay,298,150,11.486607142857142,448,0.33482142857142855
Short Stay,505,271,8.318298969072165,776,0.3492268041237113
