WorkLifeBalance,0.0,1.0,Total,Attrition_Ratio
Low,42,38,80,2.1052631578947367
Good,224,120,344,2.8666666666666667
Excellent,608,285,893,3.1333333333333333
Outstanding,97,56,153,2.732142857142857
